train_id,train_number,train_type,origin,destination,corridor_id,station_from,station_to,arrival_time,departure_time,scheduled_date,direction
TR0001,65359,Passenger,Jolarpettai,Katpadi,COR_01,Jolarpettai,Katpadi,08:28,04:40,2026-09-16,Up
TR0002,15929,Passenger,Vellore,Dharmapuri,COR_10,Vellore,Dharmapuri,12:05,10:40,2026-09-15,Down
TR0003,34045,Goods,Tiruppur,Karur,COR_14,Tiruppur,Karur,11:08,09:30,2026-09-22,Up
TR0004,59725,Passenger,Chennai_Central,Salem,COR_05,Chennai_Central,Salem,02:12,21:50,2026-09-09,Down
TR0005,77853,Mail/Express,Krishnarajapuram,Hosur,COR_04,Krishnarajapuram,Hosur,16:14,15:20,2026-09-22,Down
TR0006,15496,Mail/Express,Dharmapuri,Erode,COR_10,Dharmapuri,Erode,11:53,10:10,2026-09-10,Down
TR0007,31704,Passenger,Bengaluru_City,Dharmapuri,COR_17,Bengaluru_City,Dharmapuri,06:15,03:20,2026-09-12,Down
TR0008,40366,Goods,Krishnarajapuram,Jolarpettai,COR_15,Krishnarajapuram,Jolarpettai,10:44,09:20,2026-09-08,Up
TR0009,35576,Passenger,Dindigul,Tiruchirappalli,COR_07,Dindigul,Tiruchirappalli,05:50,05:00,2026-09-04,Down
TR0010,26538,Mail/Express,Hosur,Karur,COR_07,Hosur,Karur,04:26,23:30,2026-09-13,Up
TR0011,27933,Suburban,Tiruppur,Karur,COR_04,Tiruppur,Karur,16:34,15:20,2026-09-07,Down
TR0012,53953,Passenger,Krishnarajapuram,Katpadi,COR_03,Krishnarajapuram,Katpadi,14:59,10:10,2026-09-24,Up
TR0013,51618,Passenger,Arakkonam,Karur,COR_11,Arakkonam,Karur,08:46,03:50,2026-09-21,Up
TR0014,35647,Passenger,Krishnarajapuram,Vaniyambadi,COR_01,Krishnarajapuram,Vaniyambadi,20:52,18:30,2026-09-08,Down
TR0015,77673,Mail/Express,Coimbatore,Hosur,COR_06,Coimbatore,Hosur,05:25,04:10,2026-09-10,Up
TR0016,33345,Passenger,Katpadi,Coimbatore,COR_14,Katpadi,Coimbatore,19:56,17:40,2026-09-12,Down
TR0017,49334,Mail/Express,Krishnarajapuram,Salem,COR_19,Krishnarajapuram,Salem,17:42,15:40,2026-09-13,Down
TR0018,22652,Passenger,Erode,Salem,COR_16,Erode,Salem,20:31,17:30,2026-09-13,Down
TR0019,33094,Goods,Dharmapuri,Krishnarajapuram,COR_15,Dharmapuri,Krishnarajapuram,22:59,21:30,2026-09-14,Up
TR0020,40783,Passenger,Erode,Vaniyambadi,COR_12,Erode,Vaniyambadi,19:30,15:30,2026-09-12,Up
TR0021,63900,Passenger,Arakkonam,Dharmapuri,COR_14,Arakkonam,Dharmapuri,12:02,08:50,2026-09-18,Down
TR0022,54543,Goods,Bengaluru_City,Arakkonam,COR_13,Bengaluru_City,Arakkonam,10:52,08:30,2026-09-05,Down
TR0023,24459,Suburban,Karur,Krishnarajapuram,COR_15,Karur,Krishnarajapuram,20:25,18:10,2026-09-23,Down
TR0024,21829,Mail/Express,Dindigul,Chennai_Central,COR_05,Dindigul,Chennai_Central,02:44,23:00,2026-09-14,Down
TR0025,36009,Suburban,Katpadi,Arakkonam,COR_18,Katpadi,Arakkonam,19:45,16:10,2026-09-21,Down
TR0026,38261,Goods,Hosur,Jolarpettai,COR_08,Hosur,Jolarpettai,15:21,11:20,2026-09-11,Up
TR0027,73556,Passenger,Chennai_Central,Tiruchirappalli,COR_02,Chennai_Central,Tiruchirappalli,07:33,03:40,2026-09-13,Down
TR0028,59526,Goods,Krishnarajapuram,Dindigul,COR_01,Krishnarajapuram,Dindigul,02:53,01:20,2026-09-08,Down
TR0029,12641,Passenger,Katpadi,Dindigul,COR_03,Katpadi,Dindigul,20:52,16:50,2026-09-21,Up
TR0030,65725,Goods,Erode,Bangarapet,COR_04,Erode,Bangarapet,22:35,19:20,2026-09-04,Down
TR0031,59359,Passenger,Tiruppur,Bangarapet,COR_09,Tiruppur,Bangarapet,07:51,03:20,2026-09-06,Up
TR0032,42062,Passenger,Dindigul,Bengaluru_City,COR_14,Dindigul,Bengaluru_City,20:09,15:20,2026-09-19,Down
TR0033,62081,Mail/Express,Dindigul,Vellore,COR_12,Dindigul,Vellore,14:52,14:10,2026-09-18,Down
TR0034,22502,Goods,Vellore,Hosur,COR_16,Vellore,Hosur,11:22,10:10,2026-09-10,Down
TR0035,78603,Goods,Krishnarajapuram,Katpadi,COR_19,Krishnarajapuram,Katpadi,09:02,04:30,2026-09-22,Up
TR0036,29741,Passenger,Coimbatore,Bengaluru_City,COR_02,Coimbatore,Bengaluru_City,16:42,13:20,2026-09-22,Down
TR0037,51027,Suburban,Bengaluru_City,Bangarapet,COR_01,Bengaluru_City,Bangarapet,22:15,17:30,2026-09-11,Down
TR0038,23768,Goods,Coimbatore,Tiruchirappalli,COR_15,Coimbatore,Tiruchirappalli,19:01,17:50,2026-09-06,Down
TR0039,31783,Passenger,Chennai_Central,Jolarpettai,COR_05,Chennai_Central,Jolarpettai,18:22,16:50,2026-09-07,Up
TR0040,28332,Goods,Coimbatore,Jolarpettai,COR_14,Coimbatore,Jolarpettai,01:19,20:40,2026-09-21,Down
TR0041,45534,Goods,Chennai_Central,Hosur,COR_13,Chennai_Central,Hosur,06:30,03:30,2026-09-23,Down
TR0042,58660,Goods,Jolarpettai,Vaniyambadi,COR_19,Jolarpettai,Vaniyambadi,11:54,09:40,2026-09-12,Down
TR0043,31527,Goods,Bangarapet,Dharmapuri,COR_15,Bangarapet,Dharmapuri,01:29,23:50,2026-09-19,Up
TR0044,10734,Passenger,Karur,Jolarpettai,COR_11,Karur,Jolarpettai,05:34,04:30,2026-09-10,Up
TR0045,71432,Goods,Dindigul,Tiruppur,COR_04,Dindigul,Tiruppur,11:01,10:00,2026-09-06,Down
TR0046,45989,Passenger,Krishnarajapuram,Salem,COR_18,Krishnarajapuram,Salem,22:08,20:00,2026-09-17,Down
TR0047,20154,Goods,Erode,Bengaluru_City,COR_12,Erode,Bengaluru_City,19:53,17:40,2026-09-07,Up
TR0048,78461,Goods,Jolarpettai,Bengaluru_City,COR_09,Jolarpettai,Bengaluru_City,19:34,18:00,2026-09-16,Down
TR0049,40386,Suburban,Bengaluru_City,Coimbatore,COR_19,Bengaluru_City,Coimbatore,06:41,06:10,2026-09-06,Up
TR0050,16840,Passenger,Jolarpettai,Coimbatore,COR_05,Jolarpettai,Coimbatore,01:29,00:20,2026-09-18,Down
TR0051,61543,Passenger,Dharmapuri,Hosur,COR_16,Dharmapuri,Hosur,18:33,16:00,2026-09-16,Down
TR0052,38036,Suburban,Hosur,Tiruchirappalli,COR_12,Hosur,Tiruchirappalli,11:50,10:40,2026-09-24,Down
TR0053,25760,Goods,Karur,Tiruppur,COR_05,Karur,Tiruppur,18:28,15:50,2026-09-17,Down
TR0054,65584,Passenger,Chennai_Central,Salem,COR_06,Chennai_Central,Salem,18:17,14:50,2026-09-21,Up
TR0055,67944,Passenger,Salem,Jolarpettai,COR_13,Salem,Jolarpettai,01:10,23:00,2026-09-10,Up
TR0056,75902,Suburban,Hosur,Dharmapuri,COR_19,Hosur,Dharmapuri,05:59,03:20,2026-09-23,Down
TR0057,45936,Goods,Bengaluru_City,Coimbatore,COR_02,Bengaluru_City,Coimbatore,14:39,12:00,2026-09-22,Up
TR0058,15006,Passenger,Tiruppur,Coimbatore,COR_16,Tiruppur,Coimbatore,06:53,05:30,2026-09-23,Up
TR0059,68114,Goods,Vaniyambadi,Katpadi,COR_06,Vaniyambadi,Katpadi,13:58,13:00,2026-09-05,Down
TR0060,53603,Mail/Express,Dindigul,Bengaluru_City,COR_04,Dindigul,Bengaluru_City,07:28,06:50,2026-09-14,Up
TR0061,64575,Mail/Express,Salem,Tiruchirappalli,COR_19,Salem,Tiruchirappalli,04:46,00:50,2026-09-05,Up
TR0062,32621,Goods,Tiruchirappalli,Vaniyambadi,COR_07,Tiruchirappalli,Vaniyambadi,00:32,23:20,2026-09-12,Up
TR0063,50784,Passenger,Karur,Jolarpettai,COR_17,Karur,Jolarpettai,21:21,20:50,2026-09-15,Up
TR0064,25238,Suburban,Tiruppur,Katpadi,COR_11,Tiruppur,Katpadi,19:45,18:30,2026-09-09,Up
TR0065,59090,Goods,Dharmapuri,Chennai_Central,COR_06,Dharmapuri,Chennai_Central,07:21,05:00,2026-09-11,Down
TR0066,33331,Passenger,Vaniyambadi,Hosur,COR_07,Vaniyambadi,Hosur,04:26,01:30,2026-09-22,Down
TR0067,48657,Passenger,Krishnarajapuram,Bangarapet,COR_14,Krishnarajapuram,Bangarapet,10:10,08:10,2026-09-18,Down
TR0068,78556,Goods,Coimbatore,Salem,COR_03,Coimbatore,Salem,21:48,18:20,2026-09-24,Up
TR0069,66866,Passenger,Erode,Vaniyambadi,COR_02,Erode,Vaniyambadi,19:57,17:40,2026-09-13,Up
TR0070,43844,Passenger,Tiruchirappalli,Bengaluru_City,COR_11,Tiruchirappalli,Bengaluru_City,04:57,02:40,2026-09-12,Up
TR0071,52335,Passenger,Tiruchirappalli,Jolarpettai,COR_04,Tiruchirappalli,Jolarpettai,19:39,15:10,2026-09-16,Up
TR0072,72324,Passenger,Vellore,Salem,COR_11,Vellore,Salem,04:15,00:10,2026-09-24,Up
TR0073,12850,Goods,Salem,Hosur,COR_06,Salem,Hosur,07:35,05:30,2026-09-23,Down
TR0074,58918,Goods,Karur,Erode,COR_19,Karur,Erode,17:49,15:10,2026-09-19,Down
TR0075,65822,Mail/Express,Arakkonam,Krishnarajapuram,COR_10,Arakkonam,Krishnarajapuram,20:05,16:00,2026-09-22,Down
TR0076,78692,Passenger,Chennai_Central,Jolarpettai,COR_19,Chennai_Central,Jolarpettai,19:13,16:10,2026-09-22,Up
TR0077,55364,Goods,Dharmapuri,Arakkonam,COR_05,Dharmapuri,Arakkonam,04:02,02:20,2026-09-09,Down
TR0078,20534,Passenger,Vaniyambadi,Bangarapet,COR_01,Vaniyambadi,Bangarapet,08:27,05:20,2026-09-10,Down
TR0079,10648,Goods,Krishnarajapuram,Vaniyambadi,COR_03,Krishnarajapuram,Vaniyambadi,01:21,21:40,2026-09-15,Up
TR0080,59321,Mail/Express,Dindigul,Erode,COR_16,Dindigul,Erode,02:41,22:10,2026-09-11,Up
TR0081,47118,Mail/Express,Vaniyambadi,Dharmapuri,COR_13,Vaniyambadi,Dharmapuri,07:47,04:30,2026-09-17,Down
TR0082,39057,Mail/Express,Katpadi,Salem,COR_18,Katpadi,Salem,16:33,15:50,2026-09-09,Up
TR0083,20127,Goods,Salem,Dharmapuri,COR_12,Salem,Dharmapuri,19:53,16:00,2026-09-08,Down
TR0084,54510,Passenger,Arakkonam,Bangarapet,COR_07,Arakkonam,Bangarapet,10:47,09:30,2026-09-09,Down
TR0085,14564,Passenger,Hosur,Dindigul,COR_05,Hosur,Dindigul,17:26,12:50,2026-09-17,Up
TR0086,55388,Goods,Erode,Tiruchirappalli,COR_06,Erode,Tiruchirappalli,04:42,03:30,2026-09-07,Down
TR0087,60330,Goods,Jolarpettai,Dharmapuri,COR_01,Jolarpettai,Dharmapuri,09:29,04:40,2026-09-04,Down
TR0088,25198,Goods,Karur,Arakkonam,COR_13,Karur,Arakkonam,12:12,09:30,2026-09-18,Down
TR0089,79692,Mail/Express,Dharmapuri,Salem,COR_16,Dharmapuri,Salem,07:17,03:10,2026-09-06,Up
TR0090,67001,Passenger,Dharmapuri,Bengaluru_City,COR_01,Dharmapuri,Bengaluru_City,11:02,06:40,2026-09-13,Up
TR0091,43072,Goods,Coimbatore,Tiruppur,COR_04,Coimbatore,Tiruppur,14:39,11:00,2026-09-13,Up
TR0092,12296,Goods,Bengaluru_City,Jolarpettai,COR_18,Bengaluru_City,Jolarpettai,13:23,09:20,2026-09-13,Up
TR0093,42588,Passenger,Vellore,Salem,COR_20,Vellore,Salem,02:52,23:00,2026-09-21,Up
TR0094,70035,Goods,Vaniyambadi,Coimbatore,COR_05,Vaniyambadi,Coimbatore,16:46,13:20,2026-09-11,Down
TR0095,23254,Passenger,Katpadi,Dharmapuri,COR_02,Katpadi,Dharmapuri,12:45,11:00,2026-09-06,Down
TR0096,20391,Mail/Express,Karur,Erode,COR_10,Karur,Erode,02:51,00:10,2026-09-17,Up
TR0097,16400,Passenger,Bengaluru_City,Hosur,COR_07,Bengaluru_City,Hosur,22:14,19:40,2026-09-19,Up
TR0098,62254,Suburban,Bengaluru_City,Jolarpettai,COR_14,Bengaluru_City,Jolarpettai,09:33,08:40,2026-09-13,Down
TR0099,46014,Passenger,Karur,Bangarapet,COR_01,Karur,Bangarapet,02:06,00:30,2026-09-23,Down
TR0100,38974,Passenger,Krishnarajapuram,Dindigul,COR_04,Krishnarajapuram,Dindigul,04:06,00:50,2026-09-13,Down
TR0101,11647,Passenger,Karur,Dharmapuri,COR_19,Karur,Dharmapuri,22:03,17:30,2026-09-14,Down
TR0102,79761,Goods,Vaniyambadi,Tiruppur,COR_15,Vaniyambadi,Tiruppur,01:47,23:30,2026-09-16,Down
TR0103,20891,Passenger,Arakkonam,Katpadi,COR_13,Arakkonam,Katpadi,23:56,20:30,2026-09-20,Down
TR0104,13875,Passenger,Hosur,Dharmapuri,COR_10,Hosur,Dharmapuri,19:19,14:50,2026-09-22,Up
TR0105,74324,Suburban,Salem,Karur,COR_20,Salem,Karur,15:55,13:00,2026-09-16,Up
TR0106,24500,Goods,Vellore,Dindigul,COR_13,Vellore,Dindigul,14:28,12:10,2026-09-09,Up
TR0107,46553,Passenger,Dindigul,Karur,COR_13,Dindigul,Karur,15:14,11:10,2026-09-15,Up
TR0108,70806,Passenger,Tiruchirappalli,Erode,COR_11,Tiruchirappalli,Erode,12:13,07:30,2026-09-18,Up
TR0109,70820,Goods,Erode,Hosur,COR_06,Erode,Hosur,04:01,00:40,2026-09-07,Down
TR0110,39385,Passenger,Karur,Dindigul,COR_19,Karur,Dindigul,13:54,13:10,2026-09-23,Up
TR0111,31818,Goods,Karur,Chennai_Central,COR_20,Karur,Chennai_Central,13:17,10:40,2026-09-19,Up
TR0112,31152,Goods,Chennai_Central,Erode,COR_12,Chennai_Central,Erode,19:48,17:40,2026-09-11,Up
TR0113,14048,Passenger,Bangarapet,Dharmapuri,COR_16,Bangarapet,Dharmapuri,05:23,04:20,2026-09-18,Down
TR0114,24569,Mail/Express,Tiruppur,Krishnarajapuram,COR_08,Tiruppur,Krishnarajapuram,10:16,05:30,2026-09-14,Up
TR0115,63260,Mail/Express,Tiruppur,Katpadi,COR_08,Tiruppur,Katpadi,01:36,00:50,2026-09-19,Down
TR0116,13109,Goods,Karur,Bengaluru_City,COR_03,Karur,Bengaluru_City,00:11,22:40,2026-09-05,Down
TR0117,67677,Goods,Arakkonam,Salem,COR_13,Arakkonam,Salem,17:41,12:50,2026-09-07,Up
TR0118,64118,Goods,Bengaluru_City,Vellore,COR_05,Bengaluru_City,Vellore,02:47,23:10,2026-09-08,Up
TR0119,70062,Mail/Express,Bangarapet,Bengaluru_City,COR_16,Bangarapet,Bengaluru_City,04:27,03:20,2026-09-19,Up
TR0120,69031,Goods,Dharmapuri,Hosur,COR_09,Dharmapuri,Hosur,01:49,22:30,2026-09-22,Down
TR0121,13400,Passenger,Arakkonam,Vaniyambadi,COR_20,Arakkonam,Vaniyambadi,07:37,04:40,2026-09-15,Down
TR0122,72296,Goods,Hosur,Jolarpettai,COR_10,Hosur,Jolarpettai,21:56,18:50,2026-09-13,Up
TR0123,13670,Mail/Express,Vaniyambadi,Hosur,COR_05,Vaniyambadi,Hosur,14:46,12:20,2026-09-22,Down
TR0124,77740,Goods,Chennai_Central,Bengaluru_City,COR_05,Chennai_Central,Bengaluru_City,16:40,11:50,2026-09-23,Up
TR0125,59542,Mail/Express,Vaniyambadi,Tiruchirappalli,COR_12,Vaniyambadi,Tiruchirappalli,14:21,10:40,2026-09-19,Up
TR0126,18487,Passenger,Coimbatore,Jolarpettai,COR_17,Coimbatore,Jolarpettai,16:07,15:30,2026-09-13,Up
TR0127,35813,Passenger,Vaniyambadi,Bengaluru_City,COR_08,Vaniyambadi,Bengaluru_City,21:21,19:50,2026-09-18,Up
TR0128,62231,Goods,Krishnarajapuram,Bangarapet,COR_17,Krishnarajapuram,Bangarapet,12:36,11:50,2026-09-14,Up
TR0129,42502,Passenger,Dindigul,Katpadi,COR_09,Dindigul,Katpadi,06:27,01:30,2026-09-09,Up
TR0130,46369,Passenger,Tiruppur,Jolarpettai,COR_08,Tiruppur,Jolarpettai,04:26,01:40,2026-09-10,Up
TR0131,41973,Goods,Tiruchirappalli,Hosur,COR_05,Tiruchirappalli,Hosur,03:36,01:10,2026-09-22,Down
TR0132,35745,Goods,Vellore,Arakkonam,COR_15,Vellore,Arakkonam,11:57,10:50,2026-09-18,Up
TR0133,73862,Passenger,Bangarapet,Vellore,COR_16,Bangarapet,Vellore,20:00,17:40,2026-09-04,Down
TR0134,10064,Passenger,Tiruppur,Bangarapet,COR_04,Tiruppur,Bangarapet,23:13,18:50,2026-09-17,Down
TR0135,47192,Suburban,Jolarpettai,Dharmapuri,COR_16,Jolarpettai,Dharmapuri,21:23,16:30,2026-09-13,Down
TR0136,50475,Goods,Krishnarajapuram,Dharmapuri,COR_18,Krishnarajapuram,Dharmapuri,13:37,08:50,2026-09-07,Up
TR0137,31381,Passenger,Chennai_Central,Dharmapuri,COR_16,Chennai_Central,Dharmapuri,21:13,16:30,2026-09-17,Down
TR0138,35374,Mail/Express,Tiruppur,Dharmapuri,COR_04,Tiruppur,Dharmapuri,22:53,20:50,2026-09-11,Up
TR0139,23489,Goods,Tiruchirappalli,Hosur,COR_10,Tiruchirappalli,Hosur,15:11,10:40,2026-09-23,Up
TR0140,32515,Mail/Express,Vaniyambadi,Dharmapuri,COR_19,Vaniyambadi,Dharmapuri,09:02,05:10,2026-09-23,Up
TR0141,45308,Passenger,Tiruchirappalli,Coimbatore,COR_11,Tiruchirappalli,Coimbatore,00:43,20:40,2026-09-12,Down
TR0142,51333,Goods,Salem,Vaniyambadi,COR_10,Salem,Vaniyambadi,12:51,09:20,2026-09-17,Down
TR0143,28340,Suburban,Chennai_Central,Erode,COR_14,Chennai_Central,Erode,05:01,01:30,2026-09-12,Up
TR0144,52184,Goods,Bangarapet,Bengaluru_City,COR_07,Bangarapet,Bengaluru_City,10:02,09:20,2026-09-16,Down
TR0145,67685,Mail/Express,Dindigul,Bangarapet,COR_18,Dindigul,Bangarapet,11:27,06:40,2026-09-07,Up
TR0146,16029,Mail/Express,Jolarpettai,Dharmapuri,COR_08,Jolarpettai,Dharmapuri,04:00,23:30,2026-09-16,Down
TR0147,54917,Passenger,Bengaluru_City,Erode,COR_08,Bengaluru_City,Erode,01:58,01:00,2026-09-15,Down
TR0148,52538,Suburban,Vellore,Coimbatore,COR_10,Vellore,Coimbatore,05:57,04:50,2026-09-17,Up
TR0149,42142,Passenger,Hosur,Bangarapet,COR_05,Hosur,Bangarapet,21:14,17:00,2026-09-21,Down
TR0150,18913,Mail/Express,Tiruchirappalli,Hosur,COR_18,Tiruchirappalli,Hosur,23:41,22:00,2026-09-14,Down
TR0151,70398,Passenger,Bangarapet,Jolarpettai,COR_15,Bangarapet,Jolarpettai,12:56,10:30,2026-09-10,Down
TR0152,66011,Passenger,Chennai_Central,Vaniyambadi,COR_09,Chennai_Central,Vaniyambadi,07:50,03:50,2026-09-19,Up
TR0153,14205,Suburban,Arakkonam,Tiruchirappalli,COR_17,Arakkonam,Tiruchirappalli,15:13,11:00,2026-09-14,Down
TR0154,24723,Goods,Dharmapuri,Katpadi,COR_10,Dharmapuri,Katpadi,00:17,23:00,2026-09-20,Up
TR0155,46289,Goods,Tiruppur,Bangarapet,COR_19,Tiruppur,Bangarapet,07:00,02:50,2026-09-08,Down
TR0156,12815,Goods,Jolarpettai,Dharmapuri,COR_03,Jolarpettai,Dharmapuri,18:51,14:40,2026-09-13,Up
TR0157,65987,Passenger,Erode,Chennai_Central,COR_20,Erode,Chennai_Central,03:25,00:10,2026-09-11,Down
TR0158,34752,Mail/Express,Tiruppur,Bangarapet,COR_18,Tiruppur,Bangarapet,20:08,18:20,2026-09-10,Down
TR0159,26688,Goods,Vellore,Chennai_Central,COR_06,Vellore,Chennai_Central,18:30,17:40,2026-09-06,Down
TR0160,65611,Suburban,Krishnarajapuram,Bangarapet,COR_11,Krishnarajapuram,Bangarapet,08:13,06:20,2026-09-11,Up
TR0161,13332,Goods,Chennai_Central,Vaniyambadi,COR_12,Chennai_Central,Vaniyambadi,17:42,14:00,2026-09-10,Down
TR0162,59873,Goods,Tiruppur,Dindigul,COR_02,Tiruppur,Dindigul,14:25,12:10,2026-09-07,Up
TR0163,25775,Suburban,Tiruchirappalli,Dindigul,COR_06,Tiruchirappalli,Dindigul,05:27,03:10,2026-09-23,Down
TR0164,57167,Goods,Karur,Bangarapet,COR_11,Karur,Bangarapet,10:49,06:00,2026-09-20,Up
TR0165,23115,Passenger,Chennai_Central,Dindigul,COR_15,Chennai_Central,Dindigul,16:24,12:30,2026-09-13,Up
TR0166,71782,Passenger,Hosur,Krishnarajapuram,COR_14,Hosur,Krishnarajapuram,01:49,22:00,2026-09-12,Down
TR0167,26770,Goods,Vaniyambadi,Krishnarajapuram,COR_02,Vaniyambadi,Krishnarajapuram,06:14,05:40,2026-09-08,Down
TR0168,58719,Goods,Arakkonam,Bangarapet,COR_02,Arakkonam,Bangarapet,02:50,23:50,2026-09-09,Down
TR0169,57850,Mail/Express,Jolarpettai,Tiruchirappalli,COR_06,Jolarpettai,Tiruchirappalli,06:52,04:50,2026-09-07,Up
TR0170,44757,Goods,Coimbatore,Bangarapet,COR_01,Coimbatore,Bangarapet,13:11,09:30,2026-09-04,Up
TR0171,63432,Passenger,Chennai_Central,Coimbatore,COR_11,Chennai_Central,Coimbatore,03:33,01:50,2026-09-16,Up
TR0172,65034,Suburban,Vellore,Chennai_Central,COR_06,Vellore,Chennai_Central,12:27,11:10,2026-09-07,Down
TR0173,50819,Goods,Karur,Tiruppur,COR_15,Karur,Tiruppur,05:10,04:40,2026-09-12,Up
TR0174,72624,Goods,Dindigul,Salem,COR_11,Dindigul,Salem,21:09,19:50,2026-09-22,Up
TR0175,20772,Goods,Krishnarajapuram,Tiruchirappalli,COR_05,Krishnarajapuram,Tiruchirappalli,06:35,04:10,2026-09-16,Down
TR0176,49466,Passenger,Vellore,Krishnarajapuram,COR_20,Vellore,Krishnarajapuram,09:24,07:20,2026-09-18,Down
TR0177,14485,Goods,Dharmapuri,Karur,COR_05,Dharmapuri,Karur,13:34,11:50,2026-09-16,Up
TR0178,41172,Passenger,Jolarpettai,Chennai_Central,COR_07,Jolarpettai,Chennai_Central,05:37,04:50,2026-09-14,Up
TR0179,69258,Suburban,Coimbatore,Dindigul,COR_19,Coimbatore,Dindigul,15:07,11:10,2026-09-18,Down
TR0180,54217,Passenger,Tiruppur,Vellore,COR_18,Tiruppur,Vellore,04:13,23:20,2026-09-09,Down
TR0181,78035,Passenger,Coimbatore,Tiruppur,COR_11,Coimbatore,Tiruppur,00:25,21:00,2026-09-15,Down
TR0182,24566,Passenger,Dindigul,Vaniyambadi,COR_01,Dindigul,Vaniyambadi,07:34,03:10,2026-09-13,Up
TR0183,76155,Passenger,Hosur,Tiruppur,COR_12,Hosur,Tiruppur,14:52,13:40,2026-09-20,Up
TR0184,78888,Goods,Krishnarajapuram,Chennai_Central,COR_05,Krishnarajapuram,Chennai_Central,10:21,06:50,2026-09-08,Up
TR0185,59082,Passenger,Salem,Krishnarajapuram,COR_18,Salem,Krishnarajapuram,00:35,22:40,2026-09-09,Up
TR0186,62543,Passenger,Dindigul,Karur,COR_05,Dindigul,Karur,07:15,06:20,2026-09-20,Down
TR0187,10046,Passenger,Tiruppur,Dharmapuri,COR_16,Tiruppur,Dharmapuri,07:53,04:50,2026-09-21,Down
TR0188,73036,Mail/Express,Katpadi,Arakkonam,COR_07,Katpadi,Arakkonam,14:53,13:10,2026-09-11,Down
TR0189,55928,Passenger,Karur,Erode,COR_06,Karur,Erode,20:47,18:10,2026-09-12,Up
TR0190,46106,Mail/Express,Vellore,Vaniyambadi,COR_13,Vellore,Vaniyambadi,08:12,06:30,2026-09-04,Up
TR0191,40432,Goods,Hosur,Tiruchirappalli,COR_17,Hosur,Tiruchirappalli,08:21,03:50,2026-09-13,Up
TR0192,45665,Suburban,Tiruppur,Vaniyambadi,COR_18,Tiruppur,Vaniyambadi,06:14,02:50,2026-09-05,Down
TR0193,73871,Mail/Express,Vellore,Tiruppur,COR_09,Vellore,Tiruppur,15:36,13:40,2026-09-11,Up
TR0194,65269,Passenger,Salem,Krishnarajapuram,COR_03,Salem,Krishnarajapuram,01:41,21:30,2026-09-07,Down
TR0195,56748,Passenger,Bengaluru_City,Tiruchirappalli,COR_09,Bengaluru_City,Tiruchirappalli,13:08,10:30,2026-09-07,Down
TR0196,23626,Suburban,Coimbatore,Krishnarajapuram,COR_08,Coimbatore,Krishnarajapuram,21:16,18:30,2026-09-19,Down
TR0197,22920,Goods,Tiruchirappalli,Erode,COR_20,Tiruchirappalli,Erode,03:05,01:40,2026-09-07,Up
TR0198,55521,Goods,Karur,Erode,COR_12,Karur,Erode,23:40,22:50,2026-09-18,Down
TR0199,13360,Passenger,Tiruchirappalli,Arakkonam,COR_19,Tiruchirappalli,Arakkonam,17:01,12:50,2026-09-09,Up
TR0200,43228,Passenger,Vellore,Hosur,COR_11,Vellore,Hosur,17:23,13:00,2026-09-15,Down
TR0201,44494,Mail/Express,Bengaluru_City,Tiruppur,COR_08,Bengaluru_City,Tiruppur,05:44,01:20,2026-09-09,Up
TR0202,32551,Mail/Express,Dindigul,Dharmapuri,COR_18,Dindigul,Dharmapuri,02:58,23:30,2026-09-06,Down
TR0203,21853,Goods,Dindigul,Krishnarajapuram,COR_12,Dindigul,Krishnarajapuram,11:41,10:20,2026-09-14,Down
TR0204,55953,Passenger,Erode,Bangarapet,COR_06,Erode,Bangarapet,13:28,08:50,2026-09-18,Down
TR0205,50701,Suburban,Jolarpettai,Dharmapuri,COR_06,Jolarpettai,Dharmapuri,02:07,00:00,2026-09-24,Down
TR0206,36033,Passenger,Dindigul,Jolarpettai,COR_18,Dindigul,Jolarpettai,13:48,12:40,2026-09-23,Down
TR0207,27436,Suburban,Vaniyambadi,Dharmapuri,COR_09,Vaniyambadi,Dharmapuri,21:13,17:20,2026-09-07,Down
TR0208,42231,Goods,Katpadi,Dharmapuri,COR_20,Katpadi,Dharmapuri,08:20,07:30,2026-09-12,Up
TR0209,38307,Passenger,Krishnarajapuram,Dindigul,COR_16,Krishnarajapuram,Dindigul,11:25,07:10,2026-09-13,Up
TR0210,64044,Passenger,Coimbatore,Tiruppur,COR_01,Coimbatore,Tiruppur,15:48,13:40,2026-09-20,Down
TR0211,66533,Passenger,Erode,Bengaluru_City,COR_19,Erode,Bengaluru_City,01:04,22:20,2026-09-11,Down
TR0212,42361,Mail/Express,Salem,Katpadi,COR_18,Salem,Katpadi,01:24,22:10,2026-09-22,Up
TR0213,39861,Goods,Tiruchirappalli,Coimbatore,COR_04,Tiruchirappalli,Coimbatore,18:43,17:20,2026-09-24,Up
TR0214,75160,Goods,Bengaluru_City,Arakkonam,COR_15,Bengaluru_City,Arakkonam,18:54,14:40,2026-09-06,Up
TR0215,55561,Goods,Dindigul,Tiruppur,COR_01,Dindigul,Tiruppur,18:49,17:50,2026-09-08,Up
TR0216,74331,Goods,Katpadi,Bengaluru_City,COR_12,Katpadi,Bengaluru_City,19:04,18:20,2026-09-08,Down
TR0217,53323,Passenger,Tiruppur,Hosur,COR_07,Tiruppur,Hosur,20:55,17:50,2026-09-20,Down
TR0218,56969,Goods,Dindigul,Dharmapuri,COR_05,Dindigul,Dharmapuri,01:37,00:40,2026-09-06,Up
TR0219,33506,Mail/Express,Karur,Jolarpettai,COR_17,Karur,Jolarpettai,01:47,23:10,2026-09-04,Down
TR0220,63421,Passenger,Dharmapuri,Katpadi,COR_04,Dharmapuri,Katpadi,07:18,03:30,2026-09-19,Up
TR0221,66408,Mail/Express,Jolarpettai,Vellore,COR_11,Jolarpettai,Vellore,11:20,09:20,2026-09-19,Up
TR0222,20691,Passenger,Bengaluru_City,Erode,COR_06,Bengaluru_City,Erode,09:39,06:10,2026-09-07,Down
TR0223,32087,Passenger,Arakkonam,Dindigul,COR_01,Arakkonam,Dindigul,22:38,21:20,2026-09-20,Up
TR0224,19094,Suburban,Dharmapuri,Erode,COR_01,Dharmapuri,Erode,12:41,09:00,2026-09-10,Down
TR0225,59042,Goods,Dindigul,Bangarapet,COR_06,Dindigul,Bangarapet,12:49,11:00,2026-09-18,Up
TR0226,25765,Mail/Express,Vaniyambadi,Tiruppur,COR_17,Vaniyambadi,Tiruppur,01:29,00:40,2026-09-13,Down
TR0227,23070,Goods,Salem,Jolarpettai,COR_04,Salem,Jolarpettai,20:35,18:40,2026-09-23,Up
TR0228,68711,Suburban,Dharmapuri,Tiruppur,COR_20,Dharmapuri,Tiruppur,01:29,21:40,2026-09-21,Up
TR0229,34686,Mail/Express,Krishnarajapuram,Salem,COR_11,Krishnarajapuram,Salem,08:51,04:10,2026-09-05,Down
TR0230,79119,Goods,Coimbatore,Vellore,COR_02,Coimbatore,Vellore,19:14,16:00,2026-09-21,Down
TR0231,35957,Passenger,Bangarapet,Hosur,COR_18,Bangarapet,Hosur,14:29,10:10,2026-09-24,Down
TR0232,74387,Passenger,Karur,Erode,COR_13,Karur,Erode,03:12,02:30,2026-09-21,Down
TR0233,79147,Mail/Express,Erode,Hosur,COR_20,Erode,Hosur,16:18,15:20,2026-09-10,Up
TR0234,13665,Passenger,Dindigul,Jolarpettai,COR_10,Dindigul,Jolarpettai,21:14,20:20,2026-09-13,Down
TR0235,78679,Mail/Express,Salem,Arakkonam,COR_07,Salem,Arakkonam,02:20,21:30,2026-09-20,Down
TR0236,51983,Passenger,Bangarapet,Vellore,COR_02,Bangarapet,Vellore,16:33,14:10,2026-09-10,Down
TR0237,48068,Passenger,Chennai_Central,Arakkonam,COR_07,Chennai_Central,Arakkonam,13:39,12:10,2026-09-11,Down
TR0238,30437,Passenger,Erode,Krishnarajapuram,COR_06,Erode,Krishnarajapuram,12:22,11:30,2026-09-11,Down
TR0239,63635,Goods,Hosur,Bangarapet,COR_14,Hosur,Bangarapet,23:39,20:50,2026-09-17,Down
TR0240,61834,Passenger,Bengaluru_City,Bangarapet,COR_13,Bengaluru_City,Bangarapet,15:55,15:20,2026-09-18,Up
TR0241,18716,Passenger,Katpadi,Vellore,COR_08,Katpadi,Vellore,07:50,03:10,2026-09-14,Up
TR0242,44275,Passenger,Erode,Hosur,COR_09,Erode,Hosur,20:15,17:20,2026-09-07,Down
TR0243,14678,Goods,Katpadi,Coimbatore,COR_07,Katpadi,Coimbatore,11:05,06:10,2026-09-07,Up
TR0244,41686,Goods,Arakkonam,Erode,COR_08,Arakkonam,Erode,06:04,05:00,2026-09-15,Down
TR0245,37581,Goods,Tiruppur,Arakkonam,COR_05,Tiruppur,Arakkonam,23:46,21:40,2026-09-05,Up
TR0246,36299,Suburban,Dharmapuri,Bengaluru_City,COR_05,Dharmapuri,Bengaluru_City,09:46,05:20,2026-09-05,Down
TR0247,34112,Goods,Vaniyambadi,Hosur,COR_13,Vaniyambadi,Hosur,18:25,16:00,2026-09-14,Down
TR0248,47723,Goods,Tiruppur,Katpadi,COR_01,Tiruppur,Katpadi,12:40,07:40,2026-09-08,Down
TR0249,32271,Goods,Vellore,Katpadi,COR_02,Vellore,Katpadi,14:18,13:40,2026-09-14,Down
TR0250,59966,Passenger,Vaniyambadi,Vellore,COR_02,Vaniyambadi,Vellore,21:43,21:10,2026-09-05,Down
TR0251,12594,Goods,Vellore,Krishnarajapuram,COR_19,Vellore,Krishnarajapuram,21:07,20:00,2026-09-19,Down
TR0252,42773,Passenger,Erode,Tiruppur,COR_10,Erode,Tiruppur,03:51,23:10,2026-09-24,Down
TR0253,28927,Passenger,Vaniyambadi,Tiruppur,COR_16,Vaniyambadi,Tiruppur,19:44,17:20,2026-09-09,Down
TR0254,49302,Passenger,Jolarpettai,Salem,COR_09,Jolarpettai,Salem,03:11,23:00,2026-09-18,Down
TR0255,37276,Suburban,Krishnarajapuram,Erode,COR_18,Krishnarajapuram,Erode,08:20,04:50,2026-09-17,Down
TR0256,54276,Passenger,Tiruppur,Dindigul,COR_15,Tiruppur,Dindigul,16:06,12:30,2026-09-16,Up
TR0257,35506,Suburban,Bangarapet,Krishnarajapuram,COR_17,Bangarapet,Krishnarajapuram,08:57,06:50,2026-09-23,Down
TR0258,37985,Passenger,Dindigul,Karur,COR_15,Dindigul,Karur,14:57,11:50,2026-09-19,Up
TR0259,36137,Passenger,Tiruppur,Hosur,COR_18,Tiruppur,Hosur,20:26,19:30,2026-09-21,Up
TR0260,37060,Passenger,Tiruchirappalli,Karur,COR_13,Tiruchirappalli,Karur,06:12,05:30,2026-09-09,Down
TR0261,63908,Passenger,Vaniyambadi,Erode,COR_19,Vaniyambadi,Erode,19:57,18:10,2026-09-11,Up
TR0262,22722,Mail/Express,Dharmapuri,Tiruchirappalli,COR_16,Dharmapuri,Tiruchirappalli,00:38,23:50,2026-09-06,Up
TR0263,36608,Goods,Arakkonam,Dharmapuri,COR_01,Arakkonam,Dharmapuri,05:52,02:20,2026-09-10,Down
TR0264,54383,Goods,Salem,Dharmapuri,COR_03,Salem,Dharmapuri,23:03,18:30,2026-09-13,Down
TR0265,25524,Goods,Dindigul,Jolarpettai,COR_04,Dindigul,Jolarpettai,08:12,04:10,2026-09-23,Down
TR0266,24858,Goods,Dindigul,Coimbatore,COR_06,Dindigul,Coimbatore,00:57,22:20,2026-09-08,Down
TR0267,72505,Passenger,Arakkonam,Vaniyambadi,COR_04,Arakkonam,Vaniyambadi,16:14,12:30,2026-09-04,Down
TR0268,54535,Suburban,Jolarpettai,Tiruppur,COR_15,Jolarpettai,Tiruppur,03:56,00:30,2026-09-15,Up
TR0269,24545,Suburban,Vaniyambadi,Hosur,COR_06,Vaniyambadi,Hosur,23:16,21:30,2026-09-10,Down
TR0270,64753,Suburban,Katpadi,Salem,COR_10,Katpadi,Salem,20:08,19:30,2026-09-15,Down
TR0271,51755,Suburban,Tiruchirappalli,Bengaluru_City,COR_07,Tiruchirappalli,Bengaluru_City,20:40,16:00,2026-09-05,Up
TR0272,45761,Goods,Bengaluru_City,Tiruppur,COR_10,Bengaluru_City,Tiruppur,14:10,13:20,2026-09-18,Up
TR0273,12518,Passenger,Dindigul,Arakkonam,COR_11,Dindigul,Arakkonam,05:15,04:40,2026-09-10,Down
TR0274,59170,Passenger,Erode,Arakkonam,COR_13,Erode,Arakkonam,01:38,22:50,2026-09-20,Down
TR0275,35284,Goods,Dharmapuri,Vaniyambadi,COR_14,Dharmapuri,Vaniyambadi,14:33,11:50,2026-09-12,Up
TR0276,26846,Mail/Express,Katpadi,Dharmapuri,COR_15,Katpadi,Dharmapuri,16:41,16:00,2026-09-07,Up
TR0277,21453,Mail/Express,Jolarpettai,Salem,COR_03,Jolarpettai,Salem,04:41,02:10,2026-09-04,Up
TR0278,53371,Mail/Express,Katpadi,Vaniyambadi,COR_11,Katpadi,Vaniyambadi,23:15,18:50,2026-09-07,Up
TR0279,22019,Goods,Vaniyambadi,Bangarapet,COR_02,Vaniyambadi,Bangarapet,01:05,23:00,2026-09-06,Up
TR0280,60711,Passenger,Krishnarajapuram,Bangarapet,COR_14,Krishnarajapuram,Bangarapet,03:00,01:50,2026-09-20,Up
TR0281,71500,Passenger,Bangarapet,Coimbatore,COR_16,Bangarapet,Coimbatore,21:55,19:50,2026-09-22,Up
TR0282,35915,Passenger,Jolarpettai,Tiruchirappalli,COR_15,Jolarpettai,Tiruchirappalli,02:00,00:00,2026-09-21,Up
TR0283,31289,Passenger,Katpadi,Bangarapet,COR_04,Katpadi,Bangarapet,07:46,05:20,2026-09-22,Down
TR0284,65905,Passenger,Karur,Tiruchirappalli,COR_20,Karur,Tiruchirappalli,22:41,20:20,2026-09-15,Up
TR0285,18076,Passenger,Chennai_Central,Bengaluru_City,COR_17,Chennai_Central,Bengaluru_City,10:13,09:10,2026-09-15,Up
TR0286,11572,Suburban,Karur,Katpadi,COR_20,Karur,Katpadi,02:08,21:50,2026-09-06,Down
TR0287,69085,Passenger,Salem,Katpadi,COR_19,Salem,Katpadi,21:33,18:20,2026-09-19,Down
TR0288,39899,Goods,Hosur,Coimbatore,COR_16,Hosur,Coimbatore,12:47,10:40,2026-09-05,Down
TR0289,70868,Goods,Tiruppur,Dindigul,COR_14,Tiruppur,Dindigul,14:57,10:30,2026-09-08,Down
TR0290,62352,Passenger,Chennai_Central,Vaniyambadi,COR_14,Chennai_Central,Vaniyambadi,12:16,10:30,2026-09-17,Up
TR0291,71903,Passenger,Jolarpettai,Bangarapet,COR_05,Jolarpettai,Bangarapet,06:50,03:00,2026-09-14,Up
TR0292,39850,Passenger,Coimbatore,Erode,COR_01,Coimbatore,Erode,08:12,05:20,2026-09-23,Down
TR0293,56316,Suburban,Karur,Jolarpettai,COR_14,Karur,Jolarpettai,16:50,15:50,2026-09-06,Down
TR0294,38364,Goods,Hosur,Vaniyambadi,COR_16,Hosur,Vaniyambadi,12:23,07:40,2026-09-04,Down
TR0295,25970,Goods,Dharmapuri,Hosur,COR_06,Dharmapuri,Hosur,01:49,21:40,2026-09-20,Down
TR0296,18273,Passenger,Salem,Vaniyambadi,COR_11,Salem,Vaniyambadi,16:12,11:40,2026-09-15,Down
TR0297,72414,Mail/Express,Bangarapet,Dharmapuri,COR_08,Bangarapet,Dharmapuri,01:20,22:10,2026-09-21,Down
TR0298,41066,Mail/Express,Dharmapuri,Bangarapet,COR_19,Dharmapuri,Bangarapet,06:47,04:20,2026-09-11,Down
TR0299,60350,Mail/Express,Coimbatore,Chennai_Central,COR_19,Coimbatore,Chennai_Central,11:58,10:40,2026-09-23,Down
TR0300,18772,Goods,Tiruchirappalli,Coimbatore,COR_03,Tiruchirappalli,Coimbatore,17:26,14:40,2026-09-10,Down
TR0301,10400,Passenger,Salem,Arakkonam,COR_05,Salem,Arakkonam,17:34,15:10,2026-09-23,Down
TR0302,36222,Mail/Express,Vaniyambadi,Bengaluru_City,COR_18,Vaniyambadi,Bengaluru_City,13:40,10:30,2026-09-24,Up
TR0303,78616,Mail/Express,Vellore,Hosur,COR_20,Vellore,Hosur,01:09,23:00,2026-09-13,Up
TR0304,28882,Passenger,Karur,Chennai_Central,COR_13,Karur,Chennai_Central,11:34,09:20,2026-09-04,Down
TR0305,30575,Goods,Salem,Tiruppur,COR_03,Salem,Tiruppur,08:15,04:30,2026-09-14,Up
TR0306,47324,Passenger,Tiruppur,Bengaluru_City,COR_09,Tiruppur,Bengaluru_City,11:12,06:50,2026-09-08,Down
TR0307,58342,Passenger,Vellore,Arakkonam,COR_01,Vellore,Arakkonam,15:14,10:40,2026-09-16,Up
TR0308,47081,Passenger,Dharmapuri,Erode,COR_14,Dharmapuri,Erode,06:07,05:20,2026-09-22,Up
TR0309,28338,Passenger,Arakkonam,Vaniyambadi,COR_17,Arakkonam,Vaniyambadi,16:04,15:00,2026-09-20,Up
TR0310,64085,Passenger,Katpadi,Salem,COR_08,Katpadi,Salem,12:31,11:20,2026-09-06,Down
TR0311,30314,Goods,Dindigul,Arakkonam,COR_13,Dindigul,Arakkonam,20:22,16:30,2026-09-06,Up
TR0312,17407,Goods,Jolarpettai,Vellore,COR_15,Jolarpettai,Vellore,10:42,08:10,2026-09-21,Up
TR0313,40495,Suburban,Krishnarajapuram,Coimbatore,COR_02,Krishnarajapuram,Coimbatore,03:22,01:00,2026-09-08,Down
TR0314,74517,Passenger,Erode,Dindigul,COR_11,Erode,Dindigul,03:38,00:40,2026-09-17,Up
TR0315,10937,Passenger,Bangarapet,Arakkonam,COR_02,Bangarapet,Arakkonam,10:51,06:10,2026-09-06,Down
TR0316,46885,Passenger,Jolarpettai,Erode,COR_17,Jolarpettai,Erode,06:43,06:10,2026-09-15,Down
TR0317,44123,Passenger,Bangarapet,Bengaluru_City,COR_06,Bangarapet,Bengaluru_City,13:27,10:10,2026-09-24,Down
TR0318,63174,Passenger,Chennai_Central,Tiruppur,COR_15,Chennai_Central,Tiruppur,00:42,19:50,2026-09-07,Up
TR0319,38094,Mail/Express,Vellore,Bangarapet,COR_13,Vellore,Bangarapet,09:42,06:40,2026-09-13,Down
TR0320,76990,Passenger,Arakkonam,Krishnarajapuram,COR_15,Arakkonam,Krishnarajapuram,20:41,18:20,2026-09-04,Up
TR0321,52907,Goods,Dharmapuri,Bangarapet,COR_06,Dharmapuri,Bangarapet,19:38,15:50,2026-09-16,Up
TR0322,24058,Mail/Express,Coimbatore,Hosur,COR_16,Coimbatore,Hosur,22:19,21:10,2026-09-04,Up
TR0323,30904,Passenger,Bengaluru_City,Chennai_Central,COR_01,Bengaluru_City,Chennai_Central,13:15,09:30,2026-09-15,Up
TR0324,12935,Passenger,Karur,Salem,COR_07,Karur,Salem,06:23,02:20,2026-09-05,Up
TR0325,13980,Mail/Express,Vaniyambadi,Bengaluru_City,COR_10,Vaniyambadi,Bengaluru_City,15:41,14:10,2026-09-19,Up
TR0326,45800,Passenger,Vellore,Katpadi,COR_01,Vellore,Katpadi,03:33,23:10,2026-09-22,Down
TR0327,13918,Passenger,Vaniyambadi,Bangarapet,COR_03,Vaniyambadi,Bangarapet,06:13,02:30,2026-09-17,Down
TR0328,46808,Goods,Jolarpettai,Chennai_Central,COR_14,Jolarpettai,Chennai_Central,19:02,18:00,2026-09-19,Up
TR0329,10255,Suburban,Chennai_Central,Bengaluru_City,COR_09,Chennai_Central,Bengaluru_City,10:29,06:10,2026-09-05,Down
TR0330,47554,Passenger,Coimbatore,Krishnarajapuram,COR_18,Coimbatore,Krishnarajapuram,23:44,22:50,2026-09-23,Down
TR0331,29096,Passenger,Coimbatore,Jolarpettai,COR_15,Coimbatore,Jolarpettai,15:30,11:50,2026-09-24,Down
TR0332,48331,Passenger,Jolarpettai,Erode,COR_14,Jolarpettai,Erode,14:57,11:30,2026-09-19,Down
TR0333,53621,Suburban,Karur,Katpadi,COR_12,Karur,Katpadi,21:00,19:20,2026-09-24,Down
TR0334,29012,Goods,Dindigul,Jolarpettai,COR_15,Dindigul,Jolarpettai,06:09,01:20,2026-09-21,Up
TR0335,64916,Mail/Express,Vaniyambadi,Bangarapet,COR_19,Vaniyambadi,Bangarapet,23:41,22:30,2026-09-20,Up
TR0336,39724,Goods,Vellore,Chennai_Central,COR_17,Vellore,Chennai_Central,10:34,08:40,2026-09-14,Down
TR0337,61485,Passenger,Dharmapuri,Salem,COR_04,Dharmapuri,Salem,22:27,17:30,2026-09-15,Down
TR0338,10078,Mail/Express,Krishnarajapuram,Tiruppur,COR_04,Krishnarajapuram,Tiruppur,06:56,04:50,2026-09-20,Up
TR0339,63230,Passenger,Vaniyambadi,Katpadi,COR_16,Vaniyambadi,Katpadi,00:53,22:20,2026-09-10,Up
TR0340,37143,Passenger,Chennai_Central,Dindigul,COR_07,Chennai_Central,Dindigul,01:51,00:20,2026-09-06,Up
TR0341,11385,Goods,Tiruppur,Vellore,COR_09,Tiruppur,Vellore,17:16,13:20,2026-09-13,Down
TR0342,15488,Goods,Salem,Bangarapet,COR_13,Salem,Bangarapet,14:04,09:30,2026-09-05,Down
TR0343,60299,Mail/Express,Salem,Chennai_Central,COR_11,Salem,Chennai_Central,13:22,08:50,2026-09-07,Down
TR0344,73890,Mail/Express,Salem,Coimbatore,COR_19,Salem,Coimbatore,01:19,00:30,2026-09-06,Down
TR0345,69596,Passenger,Dindigul,Katpadi,COR_09,Dindigul,Katpadi,03:28,02:10,2026-09-14,Up
TR0346,38384,Goods,Coimbatore,Arakkonam,COR_20,Coimbatore,Arakkonam,14:41,10:20,2026-09-07,Up
TR0347,33754,Goods,Chennai_Central,Tiruchirappalli,COR_05,Chennai_Central,Tiruchirappalli,18:47,14:00,2026-09-22,Down
TR0348,74369,Passenger,Arakkonam,Bengaluru_City,COR_18,Arakkonam,Bengaluru_City,22:54,18:00,2026-09-18,Down
TR0349,24375,Goods,Arakkonam,Hosur,COR_06,Arakkonam,Hosur,23:28,19:20,2026-09-06,Up
TR0350,59377,Passenger,Coimbatore,Krishnarajapuram,COR_16,Coimbatore,Krishnarajapuram,02:30,00:30,2026-09-09,Up
TR0351,23308,Passenger,Coimbatore,Krishnarajapuram,COR_11,Coimbatore,Krishnarajapuram,23:59,22:30,2026-09-08,Up
TR0352,78835,Mail/Express,Coimbatore,Salem,COR_15,Coimbatore,Salem,23:10,22:30,2026-09-15,Up
TR0353,18773,Passenger,Coimbatore,Arakkonam,COR_14,Coimbatore,Arakkonam,12:36,08:30,2026-09-12,Down
TR0354,13160,Passenger,Erode,Tiruchirappalli,COR_16,Erode,Tiruchirappalli,08:41,07:10,2026-09-22,Up
TR0355,18758,Suburban,Tiruppur,Salem,COR_07,Tiruppur,Salem,21:54,17:20,2026-09-09,Down
TR0356,49366,Passenger,Dindigul,Arakkonam,COR_04,Dindigul,Arakkonam,08:55,07:10,2026-09-16,Up
TR0357,44850,Goods,Arakkonam,Tiruchirappalli,COR_12,Arakkonam,Tiruchirappalli,04:58,00:00,2026-09-04,Down
TR0358,72227,Goods,Dharmapuri,Krishnarajapuram,COR_05,Dharmapuri,Krishnarajapuram,17:16,15:10,2026-09-10,Up
TR0359,76829,Passenger,Erode,Katpadi,COR_06,Erode,Katpadi,06:25,04:50,2026-09-06,Down
TR0360,57411,Suburban,Katpadi,Jolarpettai,COR_17,Katpadi,Jolarpettai,11:51,07:50,2026-09-12,Down
TR0361,35245,Goods,Karur,Arakkonam,COR_02,Karur,Arakkonam,11:14,10:30,2026-09-15,Down
TR0362,63284,Goods,Krishnarajapuram,Vaniyambadi,COR_15,Krishnarajapuram,Vaniyambadi,20:30,15:40,2026-09-24,Up
TR0363,14051,Goods,Tiruchirappalli,Hosur,COR_08,Tiruchirappalli,Hosur,19:11,15:00,2026-09-21,Up
TR0364,70883,Goods,Arakkonam,Salem,COR_05,Arakkonam,Salem,11:23,08:30,2026-09-14,Down
TR0365,60606,Mail/Express,Dharmapuri,Hosur,COR_18,Dharmapuri,Hosur,20:19,15:40,2026-09-22,Up
TR0366,79827,Goods,Dharmapuri,Katpadi,COR_16,Dharmapuri,Katpadi,01:55,22:30,2026-09-24,Up
TR0367,39863,Passenger,Bengaluru_City,Dindigul,COR_09,Bengaluru_City,Dindigul,14:32,09:40,2026-09-14,Up
TR0368,77852,Goods,Bangarapet,Salem,COR_19,Bangarapet,Salem,12:31,09:10,2026-09-12,Down
TR0369,34899,Goods,Karur,Bangarapet,COR_20,Karur,Bangarapet,22:11,19:10,2026-09-15,Down
TR0370,42378,Passenger,Tiruppur,Tiruchirappalli,COR_07,Tiruppur,Tiruchirappalli,07:59,05:00,2026-09-24,Down
TR0371,45486,Suburban,Coimbatore,Salem,COR_06,Coimbatore,Salem,12:07,07:30,2026-09-18,Down
TR0372,61521,Passenger,Bengaluru_City,Katpadi,COR_05,Bengaluru_City,Katpadi,11:42,08:00,2026-09-10,Down
TR0373,36108,Passenger,Tiruppur,Bengaluru_City,COR_16,Tiruppur,Bengaluru_City,20:45,16:40,2026-09-17,Down
TR0374,25655,Passenger,Vellore,Coimbatore,COR_20,Vellore,Coimbatore,16:40,13:30,2026-09-07,Down
TR0375,26701,Mail/Express,Arakkonam,Katpadi,COR_02,Arakkonam,Katpadi,10:47,08:00,2026-09-17,Up
TR0376,47249,Goods,Arakkonam,Chennai_Central,COR_02,Arakkonam,Chennai_Central,06:11,03:20,2026-09-11,Up
TR0377,51512,Mail/Express,Bengaluru_City,Salem,COR_20,Bengaluru_City,Salem,07:51,07:10,2026-09-09,Down
TR0378,73734,Passenger,Dindigul,Chennai_Central,COR_07,Dindigul,Chennai_Central,07:48,05:00,2026-09-11,Down
TR0379,38880,Passenger,Krishnarajapuram,Tiruppur,COR_08,Krishnarajapuram,Tiruppur,21:08,19:10,2026-09-04,Up
TR0380,23155,Mail/Express,Karur,Erode,COR_10,Karur,Erode,16:38,14:10,2026-09-17,Down
TR0381,45615,Passenger,Vaniyambadi,Erode,COR_15,Vaniyambadi,Erode,20:11,19:30,2026-09-19,Down
TR0382,60842,Mail/Express,Dharmapuri,Dindigul,COR_17,Dharmapuri,Dindigul,05:19,00:30,2026-09-23,Up
TR0383,32070,Mail/Express,Vaniyambadi,Katpadi,COR_12,Vaniyambadi,Katpadi,23:33,19:50,2026-09-10,Up
TR0384,40263,Passenger,Salem,Erode,COR_11,Salem,Erode,11:08,08:10,2026-09-19,Up
TR0385,60969,Goods,Krishnarajapuram,Katpadi,COR_19,Krishnarajapuram,Katpadi,15:31,14:50,2026-09-15,Down
TR0386,21725,Goods,Coimbatore,Karur,COR_01,Coimbatore,Karur,03:37,23:30,2026-09-15,Up
TR0387,38722,Mail/Express,Salem,Bengaluru_City,COR_09,Salem,Bengaluru_City,17:06,15:10,2026-09-24,Up
TR0388,30808,Passenger,Erode,Salem,COR_02,Erode,Salem,02:26,01:10,2026-09-21,Up
TR0389,48424,Passenger,Katpadi,Tiruchirappalli,COR_09,Katpadi,Tiruchirappalli,10:16,08:30,2026-09-17,Down
TR0390,18752,Passenger,Krishnarajapuram,Karur,COR_06,Krishnarajapuram,Karur,14:06,09:10,2026-09-06,Up
TR0391,32010,Passenger,Jolarpettai,Hosur,COR_19,Jolarpettai,Hosur,21:36,17:30,2026-09-10,Up
TR0392,70625,Goods,Vellore,Bengaluru_City,COR_03,Vellore,Bengaluru_City,07:13,05:40,2026-09-15,Up
TR0393,32517,Mail/Express,Dindigul,Jolarpettai,COR_05,Dindigul,Jolarpettai,10:16,07:00,2026-09-20,Up
TR0394,16336,Goods,Tiruchirappalli,Arakkonam,COR_17,Tiruchirappalli,Arakkonam,14:05,12:10,2026-09-08,Up
TR0395,32956,Goods,Salem,Bengaluru_City,COR_20,Salem,Bengaluru_City,18:32,14:10,2026-09-11,Up
TR0396,47644,Goods,Arakkonam,Katpadi,COR_20,Arakkonam,Katpadi,12:40,12:10,2026-09-19,Down
TR0397,56391,Mail/Express,Dindigul,Erode,COR_18,Dindigul,Erode,21:26,16:30,2026-09-22,Down
TR0398,26546,Mail/Express,Tiruchirappalli,Karur,COR_09,Tiruchirappalli,Karur,10:25,05:40,2026-09-10,Up
TR0399,60144,Passenger,Salem,Hosur,COR_20,Salem,Hosur,07:41,03:40,2026-09-15,Up
TR0400,29289,Goods,Coimbatore,Bangarapet,COR_11,Coimbatore,Bangarapet,04:22,00:10,2026-09-22,Up
TR0401,67544,Passenger,Erode,Krishnarajapuram,COR_10,Erode,Krishnarajapuram,06:26,04:00,2026-09-16,Down
TR0402,16730,Passenger,Salem,Bangarapet,COR_15,Salem,Bangarapet,18:12,14:10,2026-09-08,Up
TR0403,66804,Passenger,Salem,Arakkonam,COR_10,Salem,Arakkonam,15:17,11:30,2026-09-13,Down
TR0404,56200,Passenger,Dindigul,Coimbatore,COR_17,Dindigul,Coimbatore,02:34,01:30,2026-09-13,Up
TR0405,17849,Passenger,Vellore,Vaniyambadi,COR_01,Vellore,Vaniyambadi,02:38,23:50,2026-09-10,Down
TR0406,55472,Goods,Tiruppur,Erode,COR_01,Tiruppur,Erode,15:05,10:40,2026-09-13,Down
TR0407,77367,Passenger,Tiruchirappalli,Vellore,COR_02,Tiruchirappalli,Vellore,18:41,14:30,2026-09-21,Up
TR0408,45010,Passenger,Erode,Dharmapuri,COR_05,Erode,Dharmapuri,02:05,21:50,2026-09-10,Up
TR0409,15768,Passenger,Erode,Bengaluru_City,COR_20,Erode,Bengaluru_City,13:01,12:10,2026-09-08,Up
TR0410,37605,Passenger,Bangarapet,Karur,COR_14,Bangarapet,Karur,07:10,04:30,2026-09-06,Up
TR0411,31706,Suburban,Bengaluru_City,Coimbatore,COR_02,Bengaluru_City,Coimbatore,06:39,02:10,2026-09-19,Up
TR0412,71463,Suburban,Tiruppur,Dharmapuri,COR_03,Tiruppur,Dharmapuri,23:30,19:50,2026-09-12,Down
TR0413,46564,Mail/Express,Tiruchirappalli,Vaniyambadi,COR_11,Tiruchirappalli,Vaniyambadi,02:46,21:50,2026-09-11,Up
TR0414,49396,Goods,Karur,Coimbatore,COR_01,Karur,Coimbatore,13:10,08:20,2026-09-16,Up
TR0415,38698,Mail/Express,Hosur,Bengaluru_City,COR_19,Hosur,Bengaluru_City,05:34,03:10,2026-09-11,Down
TR0416,64957,Goods,Vellore,Tiruchirappalli,COR_05,Vellore,Tiruchirappalli,15:24,11:30,2026-09-13,Up
TR0417,17458,Goods,Jolarpettai,Coimbatore,COR_08,Jolarpettai,Coimbatore,00:10,21:00,2026-09-17,Up
TR0418,50371,Passenger,Coimbatore,Chennai_Central,COR_14,Coimbatore,Chennai_Central,11:50,10:20,2026-09-19,Down
TR0419,41881,Goods,Bangarapet,Erode,COR_19,Bangarapet,Erode,16:06,13:10,2026-09-09,Down
TR0420,20788,Mail/Express,Dharmapuri,Erode,COR_06,Dharmapuri,Erode,03:12,02:00,2026-09-04,Up
TR0421,16731,Passenger,Karur,Coimbatore,COR_18,Karur,Coimbatore,04:37,02:50,2026-09-09,Up
TR0422,21471,Passenger,Hosur,Salem,COR_05,Hosur,Salem,01:22,21:50,2026-09-13,Down
TR0423,35198,Mail/Express,Arakkonam,Katpadi,COR_04,Arakkonam,Katpadi,02:10,01:40,2026-09-16,Down
TR0424,47282,Passenger,Bengaluru_City,Hosur,COR_04,Bengaluru_City,Hosur,20:46,19:40,2026-09-18,Down
TR0425,47184,Passenger,Tiruchirappalli,Vellore,COR_06,Tiruchirappalli,Vellore,18:04,15:40,2026-09-14,Up
TR0426,62572,Goods,Tiruppur,Salem,COR_16,Tiruppur,Salem,19:20,16:20,2026-09-11,Down
TR0427,14823,Passenger,Bangarapet,Krishnarajapuram,COR_11,Bangarapet,Krishnarajapuram,15:59,14:10,2026-09-22,Up
TR0428,47024,Mail/Express,Vellore,Tiruppur,COR_05,Vellore,Tiruppur,05:17,04:10,2026-09-14,Up
TR0429,37495,Mail/Express,Karur,Dindigul,COR_16,Karur,Dindigul,06:54,03:50,2026-09-24,Up
TR0430,16411,Passenger,Jolarpettai,Erode,COR_12,Jolarpettai,Erode,07:23,06:20,2026-09-12,Down
TR0431,68931,Passenger,Coimbatore,Tiruppur,COR_06,Coimbatore,Tiruppur,00:45,21:30,2026-09-14,Down
TR0432,22218,Goods,Jolarpettai,Chennai_Central,COR_11,Jolarpettai,Chennai_Central,09:22,05:20,2026-09-14,Up
TR0433,46419,Suburban,Vaniyambadi,Krishnarajapuram,COR_02,Vaniyambadi,Krishnarajapuram,21:23,16:40,2026-09-09,Down
TR0434,54194,Passenger,Chennai_Central,Salem,COR_02,Chennai_Central,Salem,02:00,22:20,2026-09-19,Up
TR0435,45841,Goods,Vaniyambadi,Dharmapuri,COR_07,Vaniyambadi,Dharmapuri,02:38,21:50,2026-09-20,Up
TR0436,69826,Passenger,Arakkonam,Tiruppur,COR_14,Arakkonam,Tiruppur,02:38,23:40,2026-09-14,Up
TR0437,51311,Mail/Express,Katpadi,Coimbatore,COR_14,Katpadi,Coimbatore,15:58,13:30,2026-09-11,Down
TR0438,61748,Passenger,Hosur,Arakkonam,COR_09,Hosur,Arakkonam,10:30,07:50,2026-09-20,Up
TR0439,66362,Passenger,Krishnarajapuram,Tiruppur,COR_02,Krishnarajapuram,Tiruppur,08:01,07:30,2026-09-06,Down
TR0440,16710,Goods,Dindigul,Karur,COR_18,Dindigul,Karur,03:46,00:40,2026-09-22,Up
TR0441,53068,Passenger,Dindigul,Hosur,COR_18,Dindigul,Hosur,06:59,03:10,2026-09-24,Up
TR0442,72896,Passenger,Karur,Katpadi,COR_01,Karur,Katpadi,13:25,10:50,2026-09-08,Down
TR0443,36750,Goods,Hosur,Bengaluru_City,COR_06,Hosur,Bengaluru_City,17:18,13:10,2026-09-15,Up
TR0444,10436,Suburban,Hosur,Katpadi,COR_10,Hosur,Katpadi,03:42,02:10,2026-09-06,Down
TR0445,70987,Goods,Vellore,Tiruppur,COR_06,Vellore,Tiruppur,14:46,10:00,2026-09-19,Down
TR0446,34811,Goods,Salem,Katpadi,COR_03,Salem,Katpadi,14:58,11:10,2026-09-12,Up
TR0447,31016,Goods,Katpadi,Dindigul,COR_20,Katpadi,Dindigul,08:35,05:10,2026-09-21,Up
TR0448,23575,Mail/Express,Salem,Chennai_Central,COR_16,Salem,Chennai_Central,14:41,10:30,2026-09-16,Up
TR0449,39720,Mail/Express,Bangarapet,Coimbatore,COR_06,Bangarapet,Coimbatore,19:54,18:50,2026-09-19,Down
TR0450,69363,Passenger,Dharmapuri,Salem,COR_13,Dharmapuri,Salem,06:48,06:00,2026-09-22,Down
TR0451,51309,Mail/Express,Salem,Dharmapuri,COR_01,Salem,Dharmapuri,14:23,13:50,2026-09-06,Up
TR0452,74794,Goods,Tiruchirappalli,Vellore,COR_04,Tiruchirappalli,Vellore,22:42,18:10,2026-09-21,Down
TR0453,48463,Passenger,Arakkonam,Dharmapuri,COR_04,Arakkonam,Dharmapuri,11:27,07:20,2026-09-07,Up
TR0454,54556,Mail/Express,Vaniyambadi,Bengaluru_City,COR_10,Vaniyambadi,Bengaluru_City,15:03,12:10,2026-09-06,Down
TR0455,12979,Passenger,Coimbatore,Hosur,COR_03,Coimbatore,Hosur,03:18,23:20,2026-09-13,Down
TR0456,57517,Passenger,Katpadi,Vaniyambadi,COR_06,Katpadi,Vaniyambadi,18:01,16:40,2026-09-12,Down
TR0457,40345,Passenger,Vellore,Jolarpettai,COR_11,Vellore,Jolarpettai,19:20,18:10,2026-09-13,Up
TR0458,23164,Mail/Express,Dindigul,Hosur,COR_18,Dindigul,Hosur,20:52,17:50,2026-09-05,Down
TR0459,27942,Passenger,Katpadi,Dharmapuri,COR_14,Katpadi,Dharmapuri,09:46,08:50,2026-09-22,Up
TR0460,24010,Passenger,Coimbatore,Arakkonam,COR_04,Coimbatore,Arakkonam,19:17,15:20,2026-09-22,Up
TR0461,12207,Goods,Dharmapuri,Jolarpettai,COR_03,Dharmapuri,Jolarpettai,07:13,05:50,2026-09-08,Up
TR0462,45823,Goods,Krishnarajapuram,Karur,COR_17,Krishnarajapuram,Karur,05:47,00:50,2026-09-10,Down
TR0463,35227,Mail/Express,Krishnarajapuram,Arakkonam,COR_18,Krishnarajapuram,Arakkonam,16:58,13:10,2026-09-13,Down
TR0464,42640,Goods,Erode,Karur,COR_05,Erode,Karur,21:07,18:20,2026-09-07,Down
TR0465,43152,Goods,Coimbatore,Chennai_Central,COR_09,Coimbatore,Chennai_Central,05:37,03:30,2026-09-22,Up
TR0466,40258,Suburban,Vellore,Krishnarajapuram,COR_19,Vellore,Krishnarajapuram,05:40,04:50,2026-09-05,Up
TR0467,37551,Goods,Vaniyambadi,Bangarapet,COR_13,Vaniyambadi,Bangarapet,08:31,08:00,2026-09-04,Down
TR0468,26153,Mail/Express,Dharmapuri,Bangarapet,COR_04,Dharmapuri,Bangarapet,15:55,14:10,2026-09-14,Down
TR0469,29125,Passenger,Tiruchirappalli,Bengaluru_City,COR_13,Tiruchirappalli,Bengaluru_City,17:03,14:50,2026-09-15,Up
TR0470,43044,Passenger,Coimbatore,Dindigul,COR_08,Coimbatore,Dindigul,09:25,08:30,2026-09-18,Up
TR0471,64185,Passenger,Arakkonam,Tiruppur,COR_02,Arakkonam,Tiruppur,18:34,16:20,2026-09-13,Up
TR0472,79414,Passenger,Bengaluru_City,Jolarpettai,COR_10,Bengaluru_City,Jolarpettai,17:32,13:00,2026-09-18,Down
TR0473,72499,Suburban,Krishnarajapuram,Tiruppur,COR_10,Krishnarajapuram,Tiruppur,09:41,06:50,2026-09-12,Up
TR0474,73688,Passenger,Krishnarajapuram,Tiruppur,COR_16,Krishnarajapuram,Tiruppur,06:30,04:00,2026-09-21,Up
TR0475,45626,Mail/Express,Bengaluru_City,Salem,COR_04,Bengaluru_City,Salem,17:40,16:20,2026-09-20,Down
TR0476,47068,Passenger,Chennai_Central,Katpadi,COR_13,Chennai_Central,Katpadi,20:33,18:00,2026-09-11,Up
TR0477,65014,Goods,Tiruchirappalli,Chennai_Central,COR_16,Tiruchirappalli,Chennai_Central,07:17,04:00,2026-09-04,Down
TR0478,42921,Goods,Jolarpettai,Vellore,COR_07,Jolarpettai,Vellore,03:27,23:20,2026-09-12,Up
TR0479,42097,Passenger,Salem,Vellore,COR_13,Salem,Vellore,14:40,12:30,2026-09-14,Down
TR0480,12153,Goods,Krishnarajapuram,Dharmapuri,COR_16,Krishnarajapuram,Dharmapuri,19:20,15:10,2026-09-07,Up
TR0481,19516,Passenger,Karur,Arakkonam,COR_08,Karur,Arakkonam,10:31,06:30,2026-09-21,Down
TR0482,14799,Passenger,Krishnarajapuram,Bangarapet,COR_05,Krishnarajapuram,Bangarapet,07:39,06:20,2026-09-22,Down
TR0483,41025,Goods,Bengaluru_City,Tiruppur,COR_04,Bengaluru_City,Tiruppur,09:24,06:00,2026-09-06,Down
TR0484,31893,Goods,Dindigul,Krishnarajapuram,COR_20,Dindigul,Krishnarajapuram,04:21,01:30,2026-09-04,Down
TR0485,40058,Suburban,Karur,Dharmapuri,COR_07,Karur,Dharmapuri,07:47,03:00,2026-09-12,Up
TR0486,13525,Goods,Salem,Dindigul,COR_14,Salem,Dindigul,16:34,14:40,2026-09-24,Up
TR0487,33513,Passenger,Bangarapet,Jolarpettai,COR_09,Bangarapet,Jolarpettai,06:03,05:10,2026-09-10,Up
TR0488,39573,Goods,Hosur,Tiruppur,COR_05,Hosur,Tiruppur,06:10,01:50,2026-09-05,Up
TR0489,18292,Mail/Express,Salem,Hosur,COR_07,Salem,Hosur,23:18,21:30,2026-09-09,Down
TR0490,65096,Passenger,Chennai_Central,Jolarpettai,COR_13,Chennai_Central,Jolarpettai,12:59,11:00,2026-09-09,Up
TR0491,31782,Passenger,Vaniyambadi,Karur,COR_03,Vaniyambadi,Karur,05:57,03:30,2026-09-20,Down
TR0492,68336,Passenger,Jolarpettai,Bangarapet,COR_15,Jolarpettai,Bangarapet,16:28,14:30,2026-09-12,Up
TR0493,21930,Mail/Express,Bangarapet,Erode,COR_01,Bangarapet,Erode,13:58,09:30,2026-09-07,Up
TR0494,27723,Passenger,Krishnarajapuram,Vellore,COR_02,Krishnarajapuram,Vellore,21:22,17:30,2026-09-09,Up
TR0495,41653,Goods,Krishnarajapuram,Arakkonam,COR_05,Krishnarajapuram,Arakkonam,17:47,16:40,2026-09-06,Down
TR0496,27849,Mail/Express,Dindigul,Katpadi,COR_17,Dindigul,Katpadi,11:40,08:20,2026-09-05,Down
TR0497,77889,Passenger,Bangarapet,Vaniyambadi,COR_16,Bangarapet,Vaniyambadi,09:05,07:50,2026-09-18,Up
TR0498,31578,Goods,Dindigul,Katpadi,COR_14,Dindigul,Katpadi,03:45,23:20,2026-09-14,Up
TR0499,13977,Passenger,Chennai_Central,Dindigul,COR_02,Chennai_Central,Dindigul,22:32,21:50,2026-09-09,Up
TR0500,17503,Mail/Express,Bangarapet,Coimbatore,COR_03,Bangarapet,Coimbatore,07:10,03:30,2026-09-23,Up
TR0501,76062,Goods,Salem,Dharmapuri,COR_05,Salem,Dharmapuri,14:18,12:50,2026-09-13,Down
TR0502,47641,Goods,Katpadi,Vaniyambadi,COR_06,Katpadi,Vaniyambadi,00:24,19:50,2026-09-06,Up
TR0503,59734,Goods,Hosur,Tiruchirappalli,COR_06,Hosur,Tiruchirappalli,22:10,19:00,2026-09-20,Down
TR0504,44247,Mail/Express,Chennai_Central,Arakkonam,COR_15,Chennai_Central,Arakkonam,19:31,19:00,2026-09-16,Down
TR0505,79472,Passenger,Katpadi,Salem,COR_11,Katpadi,Salem,02:30,23:40,2026-09-16,Up
TR0506,52158,Passenger,Karur,Vaniyambadi,COR_08,Karur,Vaniyambadi,11:06,08:40,2026-09-05,Down
TR0507,71573,Passenger,Jolarpettai,Erode,COR_10,Jolarpettai,Erode,23:50,23:00,2026-09-10,Up
TR0508,78920,Passenger,Dindigul,Tiruppur,COR_14,Dindigul,Tiruppur,19:58,19:20,2026-09-06,Up
TR0509,26287,Mail/Express,Arakkonam,Vellore,COR_09,Arakkonam,Vellore,17:20,12:20,2026-09-20,Up
TR0510,42638,Goods,Bengaluru_City,Jolarpettai,COR_09,Bengaluru_City,Jolarpettai,22:15,17:30,2026-09-16,Up
TR0511,18589,Passenger,Katpadi,Erode,COR_17,Katpadi,Erode,09:59,08:10,2026-09-16,Down
TR0512,12714,Passenger,Tiruchirappalli,Hosur,COR_06,Tiruchirappalli,Hosur,15:11,13:20,2026-09-17,Up
TR0513,43010,Passenger,Tiruchirappalli,Karur,COR_12,Tiruchirappalli,Karur,09:08,06:00,2026-09-05,Down
TR0514,15546,Passenger,Erode,Jolarpettai,COR_10,Erode,Jolarpettai,14:18,11:20,2026-09-11,Down
TR0515,21089,Goods,Dindigul,Jolarpettai,COR_11,Dindigul,Jolarpettai,09:51,09:10,2026-09-13,Down
TR0516,12948,Mail/Express,Hosur,Tiruchirappalli,COR_09,Hosur,Tiruchirappalli,23:28,18:40,2026-09-07,Down
TR0517,53457,Goods,Dindigul,Tiruchirappalli,COR_08,Dindigul,Tiruchirappalli,19:01,16:10,2026-09-08,Down
TR0518,48191,Passenger,Arakkonam,Dharmapuri,COR_20,Arakkonam,Dharmapuri,02:19,01:20,2026-09-10,Up
TR0519,26014,Passenger,Bangarapet,Tiruchirappalli,COR_12,Bangarapet,Tiruchirappalli,11:51,08:40,2026-09-11,Up
TR0520,78971,Goods,Katpadi,Vellore,COR_04,Katpadi,Vellore,03:02,22:40,2026-09-07,Up
TR0521,74563,Passenger,Bangarapet,Krishnarajapuram,COR_20,Bangarapet,Krishnarajapuram,20:11,18:00,2026-09-16,Down
TR0522,20992,Suburban,Arakkonam,Karur,COR_08,Arakkonam,Karur,02:59,01:50,2026-09-23,Down
TR0523,78743,Mail/Express,Erode,Vellore,COR_11,Erode,Vellore,18:38,14:40,2026-09-04,Up
TR0524,64397,Passenger,Chennai_Central,Dindigul,COR_07,Chennai_Central,Dindigul,21:21,18:00,2026-09-08,Up
TR0525,44588,Goods,Erode,Dharmapuri,COR_08,Erode,Dharmapuri,20:34,15:50,2026-09-23,Up
TR0526,27553,Mail/Express,Chennai_Central,Bangarapet,COR_14,Chennai_Central,Bangarapet,15:47,12:20,2026-09-06,Down
TR0527,24267,Goods,Katpadi,Vellore,COR_20,Katpadi,Vellore,19:46,16:50,2026-09-11,Up
TR0528,63382,Passenger,Tiruchirappalli,Coimbatore,COR_13,Tiruchirappalli,Coimbatore,11:41,10:00,2026-09-09,Up
TR0529,46047,Passenger,Tiruchirappalli,Vaniyambadi,COR_20,Tiruchirappalli,Vaniyambadi,06:31,02:10,2026-09-17,Up
TR0530,27046,Goods,Bengaluru_City,Arakkonam,COR_03,Bengaluru_City,Arakkonam,01:50,22:50,2026-09-17,Up
TR0531,66186,Goods,Chennai_Central,Dharmapuri,COR_12,Chennai_Central,Dharmapuri,11:22,07:30,2026-09-05,Up
TR0532,17259,Goods,Vaniyambadi,Karur,COR_04,Vaniyambadi,Karur,02:08,00:00,2026-09-10,Down
TR0533,69720,Passenger,Erode,Katpadi,COR_13,Erode,Katpadi,02:18,00:30,2026-09-10,Up
TR0534,66333,Goods,Bangarapet,Bengaluru_City,COR_06,Bangarapet,Bengaluru_City,11:16,10:20,2026-09-09,Down
TR0535,28690,Goods,Vellore,Coimbatore,COR_19,Vellore,Coimbatore,00:37,20:30,2026-09-20,Down
TR0536,79181,Suburban,Arakkonam,Vellore,COR_10,Arakkonam,Vellore,07:52,07:20,2026-09-10,Down
TR0537,27890,Goods,Krishnarajapuram,Coimbatore,COR_10,Krishnarajapuram,Coimbatore,02:40,21:40,2026-09-10,Up
TR0538,69183,Goods,Vellore,Arakkonam,COR_12,Vellore,Arakkonam,07:29,03:50,2026-09-04,Up
TR0539,12067,Goods,Salem,Katpadi,COR_17,Salem,Katpadi,11:23,09:20,2026-09-18,Down
TR0540,59265,Mail/Express,Jolarpettai,Erode,COR_19,Jolarpettai,Erode,23:55,19:50,2026-09-13,Down
TR0541,60344,Goods,Tiruchirappalli,Hosur,COR_03,Tiruchirappalli,Hosur,08:17,04:40,2026-09-22,Up
TR0542,50579,Goods,Dharmapuri,Vellore,COR_05,Dharmapuri,Vellore,13:46,09:00,2026-09-10,Up
TR0543,66344,Goods,Vellore,Jolarpettai,COR_07,Vellore,Jolarpettai,09:02,07:20,2026-09-21,Up
TR0544,69923,Mail/Express,Chennai_Central,Coimbatore,COR_14,Chennai_Central,Coimbatore,06:00,04:30,2026-09-04,Down
TR0545,78156,Goods,Bangarapet,Hosur,COR_06,Bangarapet,Hosur,20:16,17:50,2026-09-14,Down
TR0546,47316,Mail/Express,Tiruchirappalli,Vaniyambadi,COR_08,Tiruchirappalli,Vaniyambadi,22:18,21:40,2026-09-15,Down
TR0547,63245,Goods,Vaniyambadi,Karur,COR_04,Vaniyambadi,Karur,11:45,10:00,2026-09-15,Up
TR0548,55182,Goods,Bengaluru_City,Katpadi,COR_14,Bengaluru_City,Katpadi,21:13,17:30,2026-09-06,Up
TR0549,34941,Mail/Express,Dindigul,Coimbatore,COR_01,Dindigul,Coimbatore,14:44,13:00,2026-09-14,Down
TR0550,41536,Goods,Bengaluru_City,Bangarapet,COR_04,Bengaluru_City,Bangarapet,10:16,08:30,2026-09-13,Down
TR0551,10853,Goods,Chennai_Central,Jolarpettai,COR_02,Chennai_Central,Jolarpettai,15:40,15:10,2026-09-20,Down
TR0552,60749,Goods,Erode,Dindigul,COR_20,Erode,Dindigul,03:29,02:00,2026-09-06,Up
TR0553,79181,Passenger,Dharmapuri,Chennai_Central,COR_07,Dharmapuri,Chennai_Central,04:42,01:00,2026-09-24,Down
TR0554,69393,Goods,Hosur,Katpadi,COR_03,Hosur,Katpadi,00:17,23:20,2026-09-09,Up
TR0555,58281,Passenger,Tiruppur,Karur,COR_19,Tiruppur,Karur,21:05,20:10,2026-09-12,Down
TR0556,61214,Passenger,Coimbatore,Tiruppur,COR_01,Coimbatore,Tiruppur,17:34,14:40,2026-09-18,Up
TR0557,12550,Goods,Karur,Vaniyambadi,COR_13,Karur,Vaniyambadi,22:36,19:10,2026-09-06,Down
TR0558,44543,Passenger,Erode,Arakkonam,COR_16,Erode,Arakkonam,06:44,05:40,2026-09-20,Down
TR0559,21689,Suburban,Bangarapet,Dindigul,COR_03,Bangarapet,Dindigul,08:58,06:30,2026-09-14,Down
TR0560,20374,Goods,Bangarapet,Salem,COR_06,Bangarapet,Salem,16:29,12:00,2026-09-10,Up
TR0561,38687,Mail/Express,Katpadi,Jolarpettai,COR_04,Katpadi,Jolarpettai,01:57,00:30,2026-09-11,Down
TR0562,59280,Passenger,Tiruppur,Coimbatore,COR_05,Tiruppur,Coimbatore,21:06,17:40,2026-09-10,Down
TR0563,32111,Mail/Express,Dindigul,Hosur,COR_03,Dindigul,Hosur,10:15,09:20,2026-09-14,Up
TR0564,66512,Passenger,Erode,Hosur,COR_05,Erode,Hosur,17:18,16:00,2026-09-05,Up
TR0565,24192,Suburban,Bangarapet,Bengaluru_City,COR_15,Bangarapet,Bengaluru_City,08:00,03:30,2026-09-18,Down
TR0566,22093,Mail/Express,Jolarpettai,Dindigul,COR_17,Jolarpettai,Dindigul,03:52,02:00,2026-09-22,Up
TR0567,54582,Goods,Bangarapet,Bengaluru_City,COR_04,Bangarapet,Bengaluru_City,18:27,16:30,2026-09-19,Down
TR0568,77541,Passenger,Karur,Krishnarajapuram,COR_08,Karur,Krishnarajapuram,18:38,17:10,2026-09-14,Down
TR0569,74595,Mail/Express,Dharmapuri,Krishnarajapuram,COR_01,Dharmapuri,Krishnarajapuram,19:11,18:30,2026-09-22,Down
TR0570,62777,Mail/Express,Vellore,Tiruppur,COR_13,Vellore,Tiruppur,16:51,15:50,2026-09-19,Up
TR0571,59298,Goods,Tiruchirappalli,Vaniyambadi,COR_13,Tiruchirappalli,Vaniyambadi,00:51,00:20,2026-09-06,Up
TR0572,21296,Suburban,Krishnarajapuram,Salem,COR_06,Krishnarajapuram,Salem,12:41,10:50,2026-09-15,Up
TR0573,63075,Goods,Dindigul,Tiruppur,COR_11,Dindigul,Tiruppur,06:35,03:50,2026-09-06,Up
TR0574,15168,Goods,Vaniyambadi,Dharmapuri,COR_03,Vaniyambadi,Dharmapuri,22:53,18:30,2026-09-21,Down
TR0575,26629,Mail/Express,Karur,Hosur,COR_08,Karur,Hosur,18:51,17:00,2026-09-05,Down
TR0576,76500,Suburban,Krishnarajapuram,Karur,COR_02,Krishnarajapuram,Karur,02:18,23:40,2026-09-24,Up
TR0577,21011,Passenger,Dharmapuri,Tiruchirappalli,COR_10,Dharmapuri,Tiruchirappalli,18:53,17:50,2026-09-18,Down
TR0578,62645,Goods,Tiruppur,Katpadi,COR_02,Tiruppur,Katpadi,13:40,11:10,2026-09-19,Up
TR0579,59866,Mail/Express,Jolarpettai,Chennai_Central,COR_18,Jolarpettai,Chennai_Central,22:20,19:30,2026-09-23,Up
TR0580,67208,Goods,Coimbatore,Dindigul,COR_15,Coimbatore,Dindigul,14:26,12:40,2026-09-08,Up
TR0581,79748,Passenger,Tiruchirappalli,Bangarapet,COR_11,Tiruchirappalli,Bangarapet,16:39,15:50,2026-09-20,Up
TR0582,13918,Goods,Jolarpettai,Krishnarajapuram,COR_13,Jolarpettai,Krishnarajapuram,13:47,11:00,2026-09-15,Down
TR0583,26361,Passenger,Dharmapuri,Tiruppur,COR_13,Dharmapuri,Tiruppur,18:45,18:00,2026-09-21,Up
TR0584,61534,Goods,Salem,Bengaluru_City,COR_11,Salem,Bengaluru_City,13:08,08:10,2026-09-16,Up
TR0585,27445,Goods,Salem,Hosur,COR_05,Salem,Hosur,08:26,05:50,2026-09-22,Down
TR0586,54588,Goods,Krishnarajapuram,Bangarapet,COR_13,Krishnarajapuram,Bangarapet,19:02,17:40,2026-09-12,Up
TR0587,55003,Passenger,Jolarpettai,Dharmapuri,COR_11,Jolarpettai,Dharmapuri,01:31,23:30,2026-09-22,Up
TR0588,23398,Passenger,Krishnarajapuram,Dindigul,COR_13,Krishnarajapuram,Dindigul,14:19,10:40,2026-09-20,Up
TR0589,78017,Passenger,Erode,Salem,COR_18,Erode,Salem,15:40,11:00,2026-09-16,Down
TR0590,39387,Passenger,Dharmapuri,Coimbatore,COR_01,Dharmapuri,Coimbatore,00:03,21:20,2026-09-13,Up
TR0591,31602,Passenger,Katpadi,Vellore,COR_17,Katpadi,Vellore,20:17,15:40,2026-09-20,Down
TR0592,37549,Passenger,Krishnarajapuram,Bengaluru_City,COR_19,Krishnarajapuram,Bengaluru_City,04:36,01:00,2026-09-06,Down
TR0593,24053,Passenger,Tiruppur,Vellore,COR_10,Tiruppur,Vellore,12:33,10:20,2026-09-09,Down
TR0594,22763,Passenger,Bangarapet,Karur,COR_20,Bangarapet,Karur,20:48,15:50,2026-09-17,Down
TR0595,24300,Passenger,Arakkonam,Chennai_Central,COR_11,Arakkonam,Chennai_Central,21:06,19:20,2026-09-06,Up
TR0596,25992,Goods,Jolarpettai,Tiruppur,COR_12,Jolarpettai,Tiruppur,17:40,12:40,2026-09-20,Down
TR0597,57315,Passenger,Arakkonam,Vaniyambadi,COR_18,Arakkonam,Vaniyambadi,17:49,15:00,2026-09-20,Down
TR0598,64536,Passenger,Jolarpettai,Vaniyambadi,COR_13,Jolarpettai,Vaniyambadi,14:49,10:40,2026-09-14,Down
TR0599,28116,Goods,Dindigul,Tiruppur,COR_15,Dindigul,Tiruppur,10:15,08:20,2026-09-14,Down
TR0600,57672,Mail/Express,Dindigul,Dharmapuri,COR_09,Dindigul,Dharmapuri,03:46,23:40,2026-09-14,Down
